FLP-020;49131-07000
FLP-020;49131-07001
FLP-020;49131-07005
FLP-020;49131-07006
FLP-020;49131-07007
FLP-020;49131-07008
FLP-020;49131-07009
FLP-020;49131-07030
FLP-020;49131-07031
FLP-020;49131-07065
FLP-020;49131-07066
FLP-020;49131-07067
FLP-020;49131-07068
FLP-020;49131-07069
FLP-020;49131-07010
FLP-020;49131-07011
FLP-020;49131-07015
FLP-020;49131-07016
FLP-020;49131-07017
FLP-020;49131-07018
FLP-020;49131-07019
FLP-020;49131-07020
FLP-020;49131-07021
FLP-020;49131-07025
FLP-020;49131-07026
FLP-020;49131-07027
FLP-020;49131-07028
FLP-020;49131-07029
FLP-020;49131-07040
FLP-020;49131-07041
FLP-020;49131-07050
FLP-020;49131-07051
FLP-020;49131-07075
FLP-020;49131-07076
FLP-020;49131-07077
FLP-020;49131-07078
FLP-020;49131-07079
FLP-020;49131-07085
FLP-020;49131-07086
FLP-020;49131-07087
FLP-020;49131-07088
FLP-020;49131-07089
FLP-020;49131-07125
FLP-020;49131-07170
FLP-020;49131-07171
FLP-020;49131-07180
FLP-020;49131-07181
FLP-020;49131-07225
FLP-020;49131-07226
FLP-020;49131-07227
FLP-020;49131-07228
FLP-020;49131-07229
FLP-020;49131-07240
FLP-020;49131-07255
FLP-020;49131-07256
FLP-020;49131-07257
FLP-020;49131-07258
FLP-020;49131-07259
FLP-020;49131-07285
FLP-020;49131-07286
FLP-020;49131-07287
FLP-020;49131-07288
FLP-020;49131-07289
FLP-020;49131-07290
FLP-020;49131-07291
FLP-020;49131-07292
FLP-020;49131-07293
FLP-020;49131-07294
FLP-020;49131-07325
FLP-020;49131-07326
FLP-020;49131-07327
FLP-020;49131-07328
FLP-020;49131-07329
FLP-020;49131-07355
FLP-020;49131-07356
FLP-020;49131-07357
FLP-020;49131-07358
FLP-020;49131-07359
FLP-020;49131-07380
FLP-020;49131-07105
FLP-020;49131-07160
FLP-020;49131-07161
FLP-020;49131-07205
FLP-020;49131-07206
FLP-020;49131-07207
FLP-020;49131-07208
FLP-020;49131-07209
FLP-020;49131-07210
FLP-020;49131-07235
FLP-020;49131-07236
FLP-020;49131-07237
FLP-020;49131-07238
FLP-020;49131-07239
FLP-020;49131-07265
FLP-020;49131-07266
FLP-020;49131-07267
FLP-020;49131-07268
FLP-020;49131-07269
FLP-020;49131-07270
FLP-020;49131-07271
FLP-020;49131-07272
FLP-020;49131-07273
FLP-020;49131-07274
FLP-020;49131-07305
FLP-020;49131-07306
FLP-020;49131-07307
FLP-020;49131-07308
FLP-020;49131-07309
FLP-020;49131-07335
FLP-020;49131-07336
FLP-020;49131-07337
FLP-020;49131-07338
FLP-020;49131-07339
FLP-020;49131-07360
FLP-021;5303-970-0120
FLP-021;5303-970-0121
FLP-021;5303-970-0179
FLP-021;5303-970-0217
FLP-021;5303-970-0243
FLP-021;5303-970-0422
FLP-021;5303-970-0650
FLP-021;5303-970-0695
FLP-021;5303-970-7030
FLP-026;5303-970-0154
FLP-026;5303-970-0191
FLP-026;5303-970-0198
FLP-026;5303-970-0212
FLP-026;5303-970-0237
FLP-026;5303-970-0238
FLP-026;5303-970-0270
FLP-026;5303-970-0288
FLP-031;06H145701P
FLP-031;06H145701Q
FLP-031;06H145702R
FLP-031;06H145703M
FLP-031;06H145702Q
FLP-031;06H145703N
FLP-031;06H145703P
FLP-031;06H145703Q
FLP-031;06H145703R
FLP-031;06H145703S
FLP-034;781504-0001
FLP-034;781504-0002
FLP-034;781504-0004
FLP-034;781504-0005
FLP-034;781504-0006
FLP-034;781504-0007
FLP-034;781504-0013
FLP-034;853215-0003
FLP-035;49373-03000
FLP-035;49373-03001
FLP-035;49373-03002
FLP-035;49373-03003
FLP-035;49373-03004
FLP-035;49373-03005
FLP-035;49373-03006
FLP-035;49373-03010
FLP-035;49373-03011
FLP-035;49373-03012
FLP-038;03F145701H
FLP-038;03F145701M
FLP-038;03F145701R
FLP-038;03F145701K
FLP-039;5304-970-0024
FLP-039;5304-970-0048
FLP-039;5304-970-0049
FLP-040;5303-970-0290
FLP-043;5303-970-0099
FLP-043;03C145701T
FLP-043;5303-970-0142
FLP-043;5303-970-0150
FLP-043;5303-970-0162
FLP-043;5303-970-0248
FLP-044;5303-970-0110
FLP-044;5303-970-0174
FLP-045;5303-970-0159
FLP-045;5303-970-0290
FLP-045;5303-988-0290
FLP-060;5303-970-0086
FLP-060;5303-970-0105
FLP-060;5303-970-0134
FLP-064;53039700064
FLP-072;49477-02000
FLP-072;49477-02001
FLP-072;49477-02002
FLP-072;49477-02003
FLP-072;49477-02004
FLP-072;49477-02005
FLP-072;49477-02006
FLP-072;49477-02007
FLP-072;49477-02008
FLP-072;49477-02009
FLP-072;49477-02011
FLP-072;49477-02012
FLP-072;49477-02013
FLP-072;49477-02016
FLP-072;49477-02020
FLP-072;49477-02021
FLP-072;49477-02022
FLP-072;49477-02023
FLP-072;49477-02024
FLP-072;49477-02025
FLP-072;49477-02026
FLP-072;49477-02027
FLP-072;49477-02028
FLP-072;49477-02029
FLP-072;49477-02030
FLP-072;49477-02051
FLP-072;49477-02052
FLP-072;49477-02053
FLP-072;49477-02054
FLP-072;49477-02055
FLP-072;49477-02056
FLP-072;49477-02057
FLP-072;49477-02058
FLP-072;49477-02060
FLP-072;49477-02061
FLP-072;49477-02062
FLP-072;49477-02063
FLP-072;49477-02070
FLP-072;49477-02071
FLP-072;49477-02072
FLP-072;49477-02104
FLP-072;49477-02105
FLP-072;49477-02106
FLP-072;49477-02107
FLP-072;49477-02108
FLP-072;49477-02109
FLP-072;49477-02010
FLP-072;49477-02120
FLP-072;49477-02121
FLP-072;49477-02126
FLP-072;11657588938
FLP-072;11657630462
FLP-072;11657588938
FLP-072;7624535
FLP-072;11657624535
FLP-072;7634487
FLP-076;1000-970-0007
FLP-076;1000-970-0019
FLP-076;1000-970-0028
FLP-076;1000-970-0033
FLP-076;1000-970-0034
FLP-076;1000-970-0054
FLP-076;1000-970-0070
FLP-076;1000-970-0071
FLP-076;1000-970-0075
FLP-076;1000-970-0076
FLP-076;1000-970-0081
FLP-082;06J145701N
FLP-082;06J145701T
FLP-082;06J145702K
FLP-082;06J145702T
FLP-082;06J145702L
FLP-082;06J145703C
FLP-082;06J145703N
FLP-082;06J145704D
FLP-082;06J145710L
FLP-082;06J145713A
FLP-082;06J145713C
FLP-082;06J145713K
FLP-082;06J145713L
FLP-082;06j145702Q
FLP-097;49373-01000
FLP-097;49373-01001
FLP-097;49373-01002
FLP-097;49373-01003
FLP-097;49373-01004
FLP-097;49373-01005
TN-FLP-032;49373-01000
TN-FLP-032;49373-01001
TN-FLP-032;49373-01002
TN-FLP-032;49373-01003
TN-FLP-032;49373-01004
TN-FLP-032;49373-01005
TN-FLP-033;1000-970-0074
TN-FLP-033;5304-970-0086
TN-FLP-033;5304-970-0127
TN-FLP-035;49377-03000
TN-FLP-035;49177-02500
TN-FLP-035;49177-02501
TN-FLP-035;49177-02510
TN-FLP-035;49177-02511
TN-FLP-035;49177-04600
TN-FLP-037;03F145701F
TN-FLP-037;03F145701G
TN-FLP-037;03F145701L
TN-FLP-037;03F145701LV
TN-FLP-037;03F145701LX
TN-FLP-037;03F145701B
TN-FLP-037;03F145701C
TN-FLP-037;03F145701D
TN-FLP-037;03F145701E
TN-FLP-045-1;5303-970-0123
TN-FLP-04E145713Q;04E145704N
TN-FLP-04E145713Q;04E145721L
TN-FLP-04E145713Q;04E145722E
TN-FLP-04E145713Q;04E145704T
TN-FLP-04E145713Q;04E145704L
TN-FLP-04E145713Q;40001953
TN-FLP-04E145713Q;04E145713Q
TN-FLP-04E145713Q;04E145703Q
TN-FLP-04E145721B;04E145704D
TN-FLP-04E145721B;04E145704C
TN-FLP-04E145721B;04E145704F
TN-FLP-04E145721B;04E145704P
TN-FLP-04E145721B;04E145704Q
TN-FLP-04E145721B;04E145704R
TN-FLP-04E145721B;04E145704T
TN-FLP-04E145721B;04E145713N
TN-FLP-04E145721B;04E145721B
TN-FLP-04E145721B;04E145721F
TN-FLP-04E145721B;04E145721G
TN-FLP-04E145721B;04E145721P
TN-FLP-04E145721B;04E145701B
TN-FLP-055;5303-970-0025
TN-FLP-055;5303-970-0029
TN-FLP-055;5303-970-0049
TN-FLP-055;5303-970-0073
TN-FLP-055;5303-970-0005
TN-FLP-055;5303-970-0013
TN-FLP-055;5303-970-0022
TN-FLP-060;5303-970-0086
TN-FLP-060;5303-970-0105
TN-FLP-060;5303-970-0134
TN-FLP-072-1;49477-02454
TN-FLP-072-1;49477-02457
TN-FLP-072-1;49477-02401
TN-FLP-072-1;49477-02402
TN-FLP-072-1;49477-02403
TN-FLP-072-1;49477-02404
TN-FLP-072-1;49477-02406
TN-FLP-072-1;49477-02408
TN-FLP-072-1;49477-02411
TN-FLP-072-1;49477-02350
TN-FLP-072-1;49477-02450
TN-FLP-072-1;49477-02451
TN-FLP-072-1;49477-02452
TN-FLP-072-1;8614292
TN-FLP-072-1;11658631891
TN-FLP-072-1;11657637563
TN-FLP-072-1;7637563
TN-FLP-073;1853-970-0000
TN-FLP-073;1853-970-0001
TN-FLP-073;1853-970-0002
TN-FLP-073;1853-970-0003
TN-FLP-073;1853-970-0004
TN-FLP-073;1853-970-0005
TN-FLP-073;1853-970-0006
TN-FLP-073;1853-970-0007
TN-FLP-073;1853-971-0000
TN-FLP-073;1853-971-0001
TN-FLP-073;1853-971-0003
TN-FLP-073;1853-971-0004
TN-FLP-073;1853-971-0005
TN-FLP-073;1853-971-0007
TN-FLP-073;11654575478
TN-FLP-073;11657583908
TN-FLP-073;11657583909
TN-FLP-073;11657588995
TN-FLP-073;1165766423
TN-FLP-073;11657636425
TN-FLP-073;11657636424
TN-FLP-073;11654575479
TN-FLP-073;11654577236
TN-FLP-073;11657583904
TN-FLP-073;11657583908
TN-FLP-073;11657588995
TN-FLP-073-1;1853-970-0009
TN-FLP-073-1;1853-970-0010
TN-FLP-073-1;1853-970-0008
TN-FLP-073-1;11657643115
TN-FLP-073-1;7643115
TN-FLP-073-1;7636424
TN-FLP-073-1;7588995
TN-FLP-073-1;11657646998
TN-FLP-073-1;11657646999
TN-FLP-075;1855-970-0002
TN-FLP-075;1855-970-0009
TN-FLP-075;1855-970-0010
TN-FLP-075;1855-970-0013
TN-FLP-075;1330900280
TN-FLP-077;06K145722A
TN-FLP-077;06K145722H
TN-FLP-077;06K145722T
TN-FLP-077;06K145702N
TN-FLP-077;06L145702M
TN-FLP-077;06L145702D
TN-FLP-077;06L145702F
TN-FLP-077;06L145702B
TN-FLP-077;06L145702P
TN-FLP-077;06L145702Q
TN-FLP-077;06L145702R
TN-FLP-077;06L145722B
TN-FLP-077;06L145722C
TN-FLP-077;06K145722G
TN-FLP-077;06L145722L
TN-FLP-077;06L145722N
TN-FLP-077;06K145702R
TN-FLP-077;06K145874L
TN-FLP-077;06K145702T
TN-FLP-077;06K145702Q
TN-FLP-077;06K145702K
TN-FLP-077;06K145702E
TN-FLP-077;06K145722R
TN-FLP-077;06K145722L
TN-FLP-077;06L145874C
TN-FLP-077;06K145701S
TN-FLP-077;06K145701E
TN-FLP-077;06K145701M
TN-FLP-077;06K145701N
TN-FLP-077;06K145701J
TN-FLP-077;06K145701T
TN-FLP-077;06K145701L
TN-FLP-077;06K145713J
TN-FLP-077;06K145713H
TN-FLP-077;06L145721C
TN-FLP-077;06L145721D
TN-FLP-077;06L145721F
TN-FLP-077;06L145721G
TN-FLP-077;06K145721G
TN-FLP-077;06L145701E
TN-FLP-077;06L145701J
TN-FLP-077;06L145701G
TN-FLP-077;06L145701H
TN-FLP-077;06L145701F
TN-FLP-077-1;06K145722A
TN-FLP-077-1;06K145722H
TN-FLP-077-1;06K145722T
TN-FLP-077-1;06K145702N
TN-FLP-077-1;06L145702M
TN-FLP-077-1;06L145702D
TN-FLP-077-1;06L145702F
TN-FLP-077-1;06L145702B
TN-FLP-077-1;06L145702P
TN-FLP-077-1;06L145702Q
TN-FLP-077-1;06L145702R
TN-FLP-077-1;06L145722B
TN-FLP-077-1;06L145722C
TN-FLP-077-1;06K145722G
TN-FLP-077-1;06L145722L
TN-FLP-077-1;06L145722N
TN-FLP-077-1;06K145702R
TN-FLP-077-1;06K145874L
TN-FLP-077-1;06K145702T
TN-FLP-077-1;06K145702Q
TN-FLP-077-1;06K145702K
TN-FLP-077-1;06K145702E
TN-FLP-077-1;06K145722R
TN-FLP-077-1;06K145722L
TN-FLP-077-1;06L145874C
TN-FLP-077-1;06K145701S
TN-FLP-077-1;06K145701E
TN-FLP-077-1;06K145701M
TN-FLP-077-1;06K145701N
TN-FLP-077-1;06K145701J
TN-FLP-077-1;06K145701T
TN-FLP-077-1;06K145701L
TN-FLP-077-1;06K145713J
TN-FLP-077-1;06K145713H
TN-FLP-077-1;06L145721C
TN-FLP-077-1;06L145721D
TN-FLP-077-1;06L145721F
TN-FLP-077-1;06L145721G
TN-FLP-077-1;06K145721G
TN-FLP-077-1;06L145701E
TN-FLP-077-1;06L145701J
TN-FLP-077-1;06L145701G
TN-FLP-077-1;06L145701H
TN-FLP-077-1;06L145701F
TN-FLP-077-2;06K145722A
TN-FLP-077-2;06K145722H
TN-FLP-077-2;06K145722T
TN-FLP-077-2;06K145702N
TN-FLP-077-2;06L145702M
TN-FLP-077-2;06L145702D
TN-FLP-077-2;06L145702F
TN-FLP-077-2;06L145702B
TN-FLP-077-2;06L145702P
TN-FLP-077-2;06L145702Q
TN-FLP-077-2;06L145702R
TN-FLP-077-2;06L145722B
TN-FLP-077-2;06L145722C
TN-FLP-077-2;06K145722G
TN-FLP-077-2;06L145722L
TN-FLP-077-2;06L145722N
TN-FLP-077-2;06K145702R
TN-FLP-077-2;06K145874L
TN-FLP-077-2;06K145702T
TN-FLP-077-2;06K145702Q
TN-FLP-077-2;06K145702K
TN-FLP-077-2;06K145702E
TN-FLP-077-2;06K145722R
TN-FLP-077-2;06K145722L
TN-FLP-077-2;06L145874C
TN-FLP-077-2;06K145701S
TN-FLP-077-2;06K145701E
TN-FLP-077-2;06K145701M
TN-FLP-077-2;06K145701N
TN-FLP-077-2;06K145701J
TN-FLP-077-2;06K145701T
TN-FLP-077-2;06K145701L
TN-FLP-077-2;06K145713J
TN-FLP-077-2;06K145713H
TN-FLP-077-2;06L145721C
TN-FLP-077-2;06L145721D
TN-FLP-077-2;06L145721F
TN-FLP-077-2;06L145721G
TN-FLP-077-2;06K145721G
TN-FLP-077-2;06L145701E
TN-FLP-077-2;06L145701J
TN-FLP-077-2;06L145701G
TN-FLP-077-2;06L145701H
TN-FLP-077-2;06L145701F
TN-FLP-080;5303-970-0086
TN-FLP-080;5303-970-0087
TN-FLP-080;5303-970-0105
TN-FLP-080;5303-970-0106
TN-FLP-082;06J145701N
TN-FLP-082;06J145701T
TN-FLP-082;06J145702K
TN-FLP-082;06J145702T
TN-FLP-082;06J145702L
TN-FLP-082;06J145703C
TN-FLP-082;06J145703N
TN-FLP-082;06J145704D
TN-FLP-082;06J145710L
TN-FLP-082;06J145713A
TN-FLP-082;06J145713C
TN-FLP-082;06J145713K
TN-FLP-082;06J145713L
TN-FLP-082;06j145702Q
TN-FLP-090;5439-970-0049
TN-FLP-090;6460900280
TN-FLP-090;6460901180
TN-FLP-090;6460901880
TN-FLP-097;49373-01000
TN-FLP-097;49373-01001
TN-FLP-097;49373-01002
TN-FLP-097;49373-01003
TN-FLP-097;49373-01004
TN-FLP-097;49373-01005
TN-FLP-124;1761178
TN-FLP-124;1761181
TN-FLP-124;CM5G-6K682-GA
TN-FLP-124;CM5G-6K682-GB
TN-FLP-124;CM5G-6K682-GC
TN-FLP-124;CM5G-6K682-GD
TN-FLP-124;CM5G-6K682-GE
TN-FLP-124;CM5G-6K682-JA
TN-FLP-124;CM5Z-6K682-A
TN-FLP-124;CM5Z-6K682-B
TN-FLP-124;CM5Z-6K682-L
TN-FLP-128;820021-0001
TN-FLP-128;820021-0004
TN-FLP-128;820021-0005
TN-FLP-128;809200-0004
TN-FLP-128;809200-0005
TN-FLP-128;819997-0001
TN-FLP-128;803649-0002
TN-FLP-128;803649-0001
TN-FLP-128;7643719AI01
TN-FLP-128;11624601147
TN-FLP-128;11627633925
TN-FLP-128;11627645758
TN-FLP-128;11627645759
TN-FLP-128;7606645AI04
TN-FLP-128;7606645AI05
TN-FLP-128;7643717AI01
TN-FLP-131;90124-01050
TN-FLP-131;90124-01080
TN-FLP-131;90142-01110
TN-FLP-131;28231-2GTA1
TN-FLP-17201-36010;17201-36010
TN-FLP-49180-01240;49180-01240
TN-FLP-49180-01240;49180-01230
TN-FLP-49180-01240;49180-01270
TN-FLP-49180-01240;49180-01274
TN-FLP-49180-01240;49180-01275
TN-FLP-49180-01240;04E145704F
TN-FLP-49180-01240;04E145704R
TN-FLP-49180-01240;04E145713N
TN-FLP-49180-01240;04E145721R
TN-FLP-5304-0103;1000-970-0027
TN-FLP-5304-0103;5304-970-0103
TN-FLP-5304-0103;5304-970-0129
TN-FLP-5304-0103;5304-970-0139
TN-FLP-5304-0103;03L145715
TN-FLP-53049700033;5304-970-0033
TN-FLP-53049700033;5304-970-0130
TN-FLP-53049700033;5304-970-0162
TN-FLP-53049700033;6G9N-6K682-AA
TN-FLP-53049700033;30757112
TN-FLP-53049700033;31319315
TN-FLP-53049700033;31397862
TN-FLP-7643147;B58
TN-FLP-7643147;7643147
TN-FLP-7643147;2393904
TN-FLP-7643147;8681166
TN-FLP-7643147;9423788
TN-FLP-7643147;7643148
TN-FLP-7643147;40002733
TN-FLP-7643147;40005044
TN-FLP-7643147;40005374
TN-FLP-7643147;40002540
TN-FLP-7934386;1855-970-0024
TN-FLP-7934386;1855-970-0025
TN-FLP-7934386;1855-970-0030
TN-FLP-7934386;1855-970-0041
TN-FLP-7934386;1855-970-0042
TN-FLP-7934386;1855-970-0043
TN-FLP-7934386;1855-971-0024
TN-FLP-7934386;11658679021
TN-FLP-7934386;11658679022
TN-FLP-7934386;11657934332
TN-FLP-7934386;793486
TN-FLP-7934386;11658679022
TN-FLP-7934386;11657934332
TN-FLP-7934386;7934332
TN-FLP-7934386;11658679021
TN-FLP-7934386;8679021
TN-FLP-810357;810357-0001
TN-FLP-810357;810357-0002
TN-FLP-810357;810357-0003
TN-FLP-810357;810357-0004
TN-FLP-810357;810357-0005
TN-FLP-810357;810358-0001
TN-FLP-810357;810358-0002
TN-FLP-810357;810358-0003
TN-FLP-810357;810358-0004
TN-FLP-810357;810358-0005
TN-FLP-810357;810358-0006
TN-FLP-810357;810358-0007
TN-FLP-810357;810358-0008
TN-FLP-810357;810358-0009
TN-FLP-853073;28231-2CTA2
TN-FLP-853073;852283-0003
TN-FLP-853073;853073-0003
TN-FLP-853073;28231-2CTA3
TN-FLP-853073;28231-2CTA2
TN-FLP-A270;AL-0067
TN-FLP-A270;A2700900080
TN-FLP-A270;A2700900980
TN-FLP-A270;A2700902280
TN-FLP-A270;A2700902780
TN-FLP-A271;A2710903280
TN-FLP-A271;A2710903480
TN-FLP-A271;A2710903680
TN-FLP-A271;A2710903880
TN-FLP-A271;110921-0252
TN-FLP-A271;14411-HG00K
TN-FLP-A271;AL-0065
TN-FLP-A274;9V107
TN-FLP-A274;9V108
TN-FLP-A274;A2740900680
TN-FLP-A274;A2740901200
TN-FLP-A274;A2740902080
TN-FLP-A274;A2740902180
TN-FLP-A274;A2740902980
TN-FLP-A274;A2740903600
TN-FLP-A274;A2740903780
TN-FLP-A274;A2740903880
TN-FLP-A274;F31CAYSR058B
TN-FLP-A274;F31CAYSR059B
TN-FLP-A274;AL-0070
TN-FLP-A276;9V118
TN-FLP-A276;A2760901580
TN-FLP-A276;A2760902980
TN-FLP-A276;A2760903380
TN-FLP-A276;A2760904180
TN-FLP-A276;F41CAYSR074B
TN-FLP-A276;9V117
TN-FLP-A276;A2760901480
TN-FLP-A276;A2760902880
TN-FLP-A276;A2760903280
TN-FLP-A276;A2760904080
TN-FLP-A276;F41CAYSR073B
TN-FLP-A276;9V119
TN-FLP-A276;9V120
TN-FLP-A276;A2760900300
TN-FLP-A276;A2760900400
TN-FLP-A276;A2760901900
TN-FLP-A276;A2760902000
TN-FLP-A276;A2760902100
TN-FLP-A276;A2760902200
TN-FLP-A276;F41CAY-SR
TN-FLP-A276;075B
TN-FLP-A276;F41CAY-SR076B
TN-FLP-A276;AL-0075Q09
TN-FLP-A276;AL0075Q21
TN-FLP-A276;AL-0076
TN-FLP-A276;AL-0075
TN-FLP-A278;AL-0055
TN-FLP-A278;A2780901280
TN-FLP-A278;A2780901780
TN-FLP-A278;A2780901880
TN-FLP-A278;A2780901380
TN-FLP-A278;784036-0005
TN-FLP-A278;784036-0006
TN-FLP-A278;784036-0007
TN-FLP-A278;784037-0005
TN-FLP-A278;784037-0006
TN-FLP-A278;784037-0007
TN-FLP-A8;079145704A
TN-FLP-A8;079145704B
TN-FLP-A8;079145704E
TN-FLP-A8;079145704P
TN-FLP-A8;079145703A
TN-FLP-A8;079145703B
TN-FLP-A8;079145703E
TN-FLP-A8;079145703P
TN-FLP-N55;1853-970-0009
TN-FLP-N55;1853-970-0010
TN-FLP-N55;1853-970-0008
TN-FLP-N55;11657643115
TN-FLP-N55;7643115
TN-FLP-N55;7636424
TN-FLP-N55;7588995
TN-FLP-N55;11657646998
TN-FLP-N55;11657646999
TN-FLP-N63;769155-0011
TN-FLP-N63;769155-0012
TN-FLP-N63;769155-0014
TN-FLP-N63;769155-0015
TN-FLP-N63;769155-0011
TN-FLP-N63;769155-0012
TN-FLP-N63;769155-0014
TN-FLP-N63;769155-0015
TN-FLP-N63;793647-0001
TN-FLP-N63;793647-0002
TN-FLP-N63;793647-0008
TN-FLP-N63;821719-0002
TN-FLP-N63;821719-0003
TN-FLP-N63;821719-0004
TN-FLP-N63;4571543A01
TN-FLP-N63;4571543A03
TN-FLP-N63;4571543A04
TN-FLP-N63;7590598A02
TN-FLP-N63;11657590598
TN-FLP-N63-1;840069-0003
TN-FLP-N63-1;840069-0004
TN-FLP-N63-1;840069-0006
TN-FLP-R2S;1000-970-0030
TN-FLP-R2S;1000-970-0068
TN-FLP-R2S;1000-970-0096
TN-FLP-R2S;1000-970-0100
TN-FLP-R2S;1000-970-0112
TN-FLP-R2S;1000-970-0113
TN-FLP-R2S;5304-970-0125
TN-FLP-R2S;5304-970-0143
TN-FLP-RS5;5303-970-0768
TN-FLP-RS5;5303-970-0531
TN-FLP-RS5;5303-970-0769
TN-FLP-RS5;06M145701L
TN-FLP-RS5;5303-970-0532
TN-FLP-RS5;06M145702L
TN-FLP-S55;49335-02000
TN-FLP-S55;49335-02001
TN-FLP-S55;49335-02002
TN-FLP-S55;49335-02003
TN-FLP-S55;49335-02004
TN-FLP-S55;49335-02005
TN-FLP-S55;49335-02050
TN-FLP-S55;49335-02051
TN-FLP-S55;49335-02052
TN-FLP-S55;49335-02053
TN-FLP-S55;49335-02054
TN-FLP-S55;49335-02055
TN-FLP-S55;11657849650
TN-FLP-S55;11657849651
TN-FLP-S55;11657850278
TN-FLP-S55;7850279
TN-FLP-S55;11657850279
TN-FLP-S63;GT22-043R
TN-FLP-S63;790484-0002
TN-FLP-S63;790484-0003
TN-FLP-S63;790484-0008
TN-FLP-S63;790484-0009
TN-FLP-S63;790484-0010
TN-FLP-S63;790463-0002
TN-FLP-S63;790463-0003
TN-FLP-S63;790463-0008
TN-FLP-S63;790463-0009
TN-FLP-S63;790463-0010
TN-FLP-S63;7589086
TN-FLP-S63;7589086A
TN-FLP-S63-1;gt22-053R
TN-FLP-S63-1;800075-0006
TN-FLP-S63-1;800075-0008
TN-FLP-S63-1;800075-0009
TN-FLP-S63-1;800075-0011
TN-FLP-S63-1;824454-0001
TN-FLP-S63-1;824454-0002
TN-FLP-S63-1;824454-0003
TN-FLP-S63-1;7846918AI01
TN-FLP-S63-1;7846919AI03
TN-FLP-S63-1;784691804
TN-FLP-S63-1;gt22-054R
TN-FLP-S63-1;800076-0006
TN-FLP-S63-1;800076-0008
TN-FLP-S63-1;800076-0009
TN-FLP-S63-1;800076-0011
TN-FLP-S63-1;824453-0001
TN-FLP-S63-1;824453-0002
TN-FLP-S63-1;7846919AI01
TN-FLP-S63-1;7846919AI03
TN-FLP-S63-1;784691904
TN-FLP-S63-1;800075-0006
TN-FLP-S63-1;800075-0008
TN-FLP-S63-1;800075-0009
TN-FLP-S63-1;800075-0011
TN-FLP-S63-1;824454-0001
TN-FLP-S63-1;824454-0002
TN-FLP-S63-1;824454-0003
TN-FLP-S63-1;7846918AI01
TN-FLP-S63-1;7846919AI03
TN-FLP-S63-1;784691804
